Workbook

Sheet generated_image
A4: Concentration\MeanSize(um) | B4: 30 | C4: 20 | D4: 10 | E4: 5 | F4: 2
A5: 500000000
A6: 400000000
A7: 300000000
A8: 200000000
A9: 100000000
A10: 50000000

Sheet Row_encoder_5
B5: Total compressed size (byte)
B6: Mean size(um)
A7: Concentration | B7: 30 | C7: 20 | D7: 10 | E7: 5 | F7: 2
A8: =generated_image!A5 -> 500000000 | B8: 67836 | C8: 51184 | D8: 51162 | E8: 72908 | F8: n/a
B9: =1-B8/C29 -> 0.27569169 | C9: =1-C8/C29 -> 0.45349082 | D9: =1-D8/C29 -> 0.45372573 | E9: =1-E8/C29 -> 0.2215362 | F9: n/a
A10: =generated_image!A6 -> 400000000 | B10: 56722 | C10: 38314 | D10: 42758 | E10: 59744 | F10: n/a
B11: =1-B10/C29 -> 0.39435969 | C11: =1-C10/C29 -> 0.59090824 | D11: =1-D10/C29 -> 0.54345812 | E11: =1-E10/C29 -> 0.36209276 | F11: n/a
A12: =generated_image!A7 -> 300000000 | B12: 48036 | C12: 25192 | D12: 26578 | E12: 52774 | F12: n/a
B13: =1-B12/C29 -> 0.4871031 | C13: =1-C12/C29 -> 0.73101635 | D13: =1-D12/C29 -> 0.71621755 | E13: =1-E12/C29 -> 0.43651385 | F13: n/a
A14: =generated_image!A8 -> 200000000 | B14: 28362 | C14: 15682 | D14: 17966 | E14: 30324 | F14: n/a
B15: =1-B14/C29 -> 0.69716917 | C15: =1-C14/C29 -> 0.83255789 | D15: =1-D14/C29 -> 0.80817084 | E15: =1-E14/C29 -> 0.67622022 | F15: n/a
A16: =generated_image!A9 -> 100000000 | B16: 8826 | C16: 6662 | D16: 6114 | E16: 12482 | F16: n/a
B17: =1-B16/C29 -> 0.90576176 | C17: =1-C16/C29 -> 0.92886753 | D17: =1-D16/C29 -> 0.93471872 | E17: =1-E16/C29 -> 0.86672539 | F17: n/a
A18: =generated_image!A10 -> 50000000 | B18: 4684 | C18: 2648 | D18: 2942 | E18: 8384 | F18: n/a
B19: =1-B18/C29 -> 0.94998732 | C19: =1-C18/C29 -> 0.97172639 | D19: =1-D18/C29 -> 0.96858725 | E19: =1-E18/C29 -> 0.91048115 | F19: n/a
B29: Raw size (byte) | C29: =999*250*3/8 -> 93656.25
